{"cameraMode":{"drawMode":0,"name":"Shaded","section":"Shading Mode"},"sceneLighting":true,"audioPlay":false,"sceneViewState":{"m_AlwaysRefresh":false,"showFog":true,"showSkybox":true,"showFlares":true,"showImageEffects":true,"showParticleSystems":true,"showVisualEffectGraphs":true,"m_FxEnabled":true},"in2DMode":false,"pivot":{"x":3.151185989379883,"y":6.102980136871338,"z":0.24370935559272767},"rotation":{"x":0.011014900170266629,"y":-0.3967469334602356,"z":0.004760816693305969,"w":0.9178525805473328},"size":11.79452896118164,"orthographic":true}